{"Central Europe":{"proteins_100g":199303.0468000015,"carbohydrates_100g":726704.4669999921,"fat_100g":342079.27233299776},"North Europe":{"proteins_100g":8231.189000000006,"carbohydrates_100g":30906.839999999982,"fat_100g":16758.09000000002},"South Europe":{"proteins_100g":2535.1199999999985,"carbohydrates_100g":11842.220000000001,"fat_100g":6039.940000000003}}